<?xml version="1.0" encoding="UTF-8"?>

<!DOCTYPE display PUBLIC "-//Liferay//DTD Display 4.0.0//EN" "http://www.liferay.com/dtd/liferay-display_4_0_0.dtd">

<!-- Generated by OpenXava: Tue Nov 24 20:42:26 WAT 2020 --> 
<display>
	<category name="category.OneRelease"> 
		<portlet id="Entreprise" /> 
		<portlet id="Ticket" /> 
		<portlet id="Estimation" /> 
		<portlet id="Manager" /> 
		<portlet id="Project" /> 
		<portlet id="FunctionalityAnalysis" /> 
		<portlet id="Collaborator" /> 
		<portlet id="Employee" /> 
		<portlet id="Functionality" /> 
		<portlet id="TicketBySprint" /> 
		<portlet id="PeerReviewLine" /> 
		<portlet id="Sprint" /> 
		<portlet id="Squad" /> 
		<portlet id="PeerReview" /> 
		<portlet id="Release" />
   
	</category>
</display>