<?xml version="1.0" encoding="UTF-8"?>

<!-- Generated by OpenXava: Tue Nov 24 20:42:25 WAT 2020 --> 

<portlet-app id="OneRelease"
	xmlns="http://java.sun.com/xml/ns/portlet/portlet-app_1_0.xsd" 
	version="1.0" 
	xmlns:xsi="http://www.w3.org/2001/XMLSchema-instance" 
	xsi:schemaLocation="http://java.sun.com/xml/ns/portlet/portlet-app_1_0.xsd http://java.sun.com/xml/ns/portlet/portlet-app_1_0.xsd"
> 
	<portlet id="Entreprise">
		<description>OneRelease - Entreprise</description>       
		<portlet-name>Entreprise</portlet-name>
		<display-name>OneRelease - Entreprise</display-name> 
		<portlet-class>org.openxava.web.portlets.XavaPortlet</portlet-class>
		<init-param>
			<name>Application</name>
			<value>OneRelease</value>
		</init-param>
		<init-param>
			<name>Module</name>
			<value>Entreprise</value>
		</init-param> 
		<expiration-cache>0</expiration-cache>
		<supports>
			<mime-type>text/html</mime-type>
			<portlet-mode>VIEW</portlet-mode>
		</supports>
		<supported-locale>en</supported-locale> 
    	<resource-bundle>portlets/Entreprise</resource-bundle>
	</portlet> 
	<portlet id="Ticket">
		<description>OneRelease - Ticket</description>       
		<portlet-name>Ticket</portlet-name>
		<display-name>OneRelease - Ticket</display-name> 
		<portlet-class>org.openxava.web.portlets.XavaPortlet</portlet-class>
		<init-param>
			<name>Application</name>
			<value>OneRelease</value>
		</init-param>
		<init-param>
			<name>Module</name>
			<value>Ticket</value>
		</init-param> 
		<expiration-cache>0</expiration-cache>
		<supports>
			<mime-type>text/html</mime-type>
			<portlet-mode>VIEW</portlet-mode>
		</supports>
		<supported-locale>en</supported-locale> 
    	<resource-bundle>portlets/Ticket</resource-bundle>
	</portlet> 
	<portlet id="Estimation">
		<description>OneRelease - Estimation</description>       
		<portlet-name>Estimation</portlet-name>
		<display-name>OneRelease - Estimation</display-name> 
		<portlet-class>org.openxava.web.portlets.XavaPortlet</portlet-class>
		<init-param>
			<name>Application</name>
			<value>OneRelease</value>
		</init-param>
		<init-param>
			<name>Module</name>
			<value>Estimation</value>
		</init-param> 
		<expiration-cache>0</expiration-cache>
		<supports>
			<mime-type>text/html</mime-type>
			<portlet-mode>VIEW</portlet-mode>
		</supports>
		<supported-locale>en</supported-locale> 
    	<resource-bundle>portlets/Estimation</resource-bundle>
	</portlet> 
	<portlet id="Manager">
		<description>OneRelease - Manager</description>       
		<portlet-name>Manager</portlet-name>
		<display-name>OneRelease - Manager</display-name> 
		<portlet-class>org.openxava.web.portlets.XavaPortlet</portlet-class>
		<init-param>
			<name>Application</name>
			<value>OneRelease</value>
		</init-param>
		<init-param>
			<name>Module</name>
			<value>Manager</value>
		</init-param> 
		<expiration-cache>0</expiration-cache>
		<supports>
			<mime-type>text/html</mime-type>
			<portlet-mode>VIEW</portlet-mode>
		</supports>
		<supported-locale>en</supported-locale> 
    	<resource-bundle>portlets/Manager</resource-bundle>
	</portlet> 
	<portlet id="Project">
		<description>OneRelease - Projects</description>       
		<portlet-name>Project</portlet-name>
		<display-name>OneRelease - Projects</display-name> 
		<portlet-class>org.openxava.web.portlets.XavaPortlet</portlet-class>
		<init-param>
			<name>Application</name>
			<value>OneRelease</value>
		</init-param>
		<init-param>
			<name>Module</name>
			<value>Project</value>
		</init-param> 
		<expiration-cache>0</expiration-cache>
		<supports>
			<mime-type>text/html</mime-type>
			<portlet-mode>VIEW</portlet-mode>
		</supports>
		<supported-locale>en</supported-locale> 
    	<resource-bundle>portlets/Project</resource-bundle>
	</portlet> 
	<portlet id="FunctionalityAnalysis">
		<description>OneRelease - Functionality analysis</description>       
		<portlet-name>FunctionalityAnalysis</portlet-name>
		<display-name>OneRelease - Functionality analysis</display-name> 
		<portlet-class>org.openxava.web.portlets.XavaPortlet</portlet-class>
		<init-param>
			<name>Application</name>
			<value>OneRelease</value>
		</init-param>
		<init-param>
			<name>Module</name>
			<value>FunctionalityAnalysis</value>
		</init-param> 
		<expiration-cache>0</expiration-cache>
		<supports>
			<mime-type>text/html</mime-type>
			<portlet-mode>VIEW</portlet-mode>
		</supports>
		<supported-locale>en</supported-locale> 
    	<resource-bundle>portlets/FunctionalityAnalysis</resource-bundle>
	</portlet> 
	<portlet id="Collaborator">
		<description>OneRelease - Collaborator</description>       
		<portlet-name>Collaborator</portlet-name>
		<display-name>OneRelease - Collaborator</display-name> 
		<portlet-class>org.openxava.web.portlets.XavaPortlet</portlet-class>
		<init-param>
			<name>Application</name>
			<value>OneRelease</value>
		</init-param>
		<init-param>
			<name>Module</name>
			<value>Collaborator</value>
		</init-param> 
		<expiration-cache>0</expiration-cache>
		<supports>
			<mime-type>text/html</mime-type>
			<portlet-mode>VIEW</portlet-mode>
		</supports>
		<supported-locale>en</supported-locale> 
    	<resource-bundle>portlets/Collaborator</resource-bundle>
	</portlet> 
	<portlet id="Employee">
		<description>OneRelease - Employee</description>       
		<portlet-name>Employee</portlet-name>
		<display-name>OneRelease - Employee</display-name> 
		<portlet-class>org.openxava.web.portlets.XavaPortlet</portlet-class>
		<init-param>
			<name>Application</name>
			<value>OneRelease</value>
		</init-param>
		<init-param>
			<name>Module</name>
			<value>Employee</value>
		</init-param> 
		<expiration-cache>0</expiration-cache>
		<supports>
			<mime-type>text/html</mime-type>
			<portlet-mode>VIEW</portlet-mode>
		</supports>
		<supported-locale>en</supported-locale> 
    	<resource-bundle>portlets/Employee</resource-bundle>
	</portlet> 
	<portlet id="Functionality">
		<description>OneRelease - Functionality</description>       
		<portlet-name>Functionality</portlet-name>
		<display-name>OneRelease - Functionality</display-name> 
		<portlet-class>org.openxava.web.portlets.XavaPortlet</portlet-class>
		<init-param>
			<name>Application</name>
			<value>OneRelease</value>
		</init-param>
		<init-param>
			<name>Module</name>
			<value>Functionality</value>
		</init-param> 
		<expiration-cache>0</expiration-cache>
		<supports>
			<mime-type>text/html</mime-type>
			<portlet-mode>VIEW</portlet-mode>
		</supports>
		<supported-locale>en</supported-locale> 
    	<resource-bundle>portlets/Functionality</resource-bundle>
	</portlet> 
	<portlet id="TicketBySprint">
		<description>OneRelease - Ticket by sprint</description>       
		<portlet-name>TicketBySprint</portlet-name>
		<display-name>OneRelease - Ticket by sprint</display-name> 
		<portlet-class>org.openxava.web.portlets.XavaPortlet</portlet-class>
		<init-param>
			<name>Application</name>
			<value>OneRelease</value>
		</init-param>
		<init-param>
			<name>Module</name>
			<value>TicketBySprint</value>
		</init-param> 
		<expiration-cache>0</expiration-cache>
		<supports>
			<mime-type>text/html</mime-type>
			<portlet-mode>VIEW</portlet-mode>
		</supports>
		<supported-locale>en</supported-locale> 
    	<resource-bundle>portlets/TicketBySprint</resource-bundle>
	</portlet> 
	<portlet id="PeerReviewLine">
		<description>OneRelease - Peer review line</description>       
		<portlet-name>PeerReviewLine</portlet-name>
		<display-name>OneRelease - Peer review line</display-name> 
		<portlet-class>org.openxava.web.portlets.XavaPortlet</portlet-class>
		<init-param>
			<name>Application</name>
			<value>OneRelease</value>
		</init-param>
		<init-param>
			<name>Module</name>
			<value>PeerReviewLine</value>
		</init-param> 
		<expiration-cache>0</expiration-cache>
		<supports>
			<mime-type>text/html</mime-type>
			<portlet-mode>VIEW</portlet-mode>
		</supports>
		<supported-locale>en</supported-locale> 
    	<resource-bundle>portlets/PeerReviewLine</resource-bundle>
	</portlet> 
	<portlet id="Sprint">
		<description>OneRelease - Sprint</description>       
		<portlet-name>Sprint</portlet-name>
		<display-name>OneRelease - Sprint</display-name> 
		<portlet-class>org.openxava.web.portlets.XavaPortlet</portlet-class>
		<init-param>
			<name>Application</name>
			<value>OneRelease</value>
		</init-param>
		<init-param>
			<name>Module</name>
			<value>Sprint</value>
		</init-param> 
		<expiration-cache>0</expiration-cache>
		<supports>
			<mime-type>text/html</mime-type>
			<portlet-mode>VIEW</portlet-mode>
		</supports>
		<supported-locale>en</supported-locale> 
    	<resource-bundle>portlets/Sprint</resource-bundle>
	</portlet> 
	<portlet id="Squad">
		<description>OneRelease - Squad</description>       
		<portlet-name>Squad</portlet-name>
		<display-name>OneRelease - Squad</display-name> 
		<portlet-class>org.openxava.web.portlets.XavaPortlet</portlet-class>
		<init-param>
			<name>Application</name>
			<value>OneRelease</value>
		</init-param>
		<init-param>
			<name>Module</name>
			<value>Squad</value>
		</init-param> 
		<expiration-cache>0</expiration-cache>
		<supports>
			<mime-type>text/html</mime-type>
			<portlet-mode>VIEW</portlet-mode>
		</supports>
		<supported-locale>en</supported-locale> 
    	<resource-bundle>portlets/Squad</resource-bundle>
	</portlet> 
	<portlet id="PeerReview">
		<description>OneRelease - Peer review</description>       
		<portlet-name>PeerReview</portlet-name>
		<display-name>OneRelease - Peer review</display-name> 
		<portlet-class>org.openxava.web.portlets.XavaPortlet</portlet-class>
		<init-param>
			<name>Application</name>
			<value>OneRelease</value>
		</init-param>
		<init-param>
			<name>Module</name>
			<value>PeerReview</value>
		</init-param> 
		<expiration-cache>0</expiration-cache>
		<supports>
			<mime-type>text/html</mime-type>
			<portlet-mode>VIEW</portlet-mode>
		</supports>
		<supported-locale>en</supported-locale> 
    	<resource-bundle>portlets/PeerReview</resource-bundle>
	</portlet> 
	<portlet id="Release">
		<description>OneRelease - Release</description>       
		<portlet-name>Release</portlet-name>
		<display-name>OneRelease - Release</display-name> 
		<portlet-class>org.openxava.web.portlets.XavaPortlet</portlet-class>
		<init-param>
			<name>Application</name>
			<value>OneRelease</value>
		</init-param>
		<init-param>
			<name>Module</name>
			<value>Release</value>
		</init-param> 
		<expiration-cache>0</expiration-cache>
		<supports>
			<mime-type>text/html</mime-type>
			<portlet-mode>VIEW</portlet-mode>
		</supports>
		<supported-locale>en</supported-locale> 
    	<resource-bundle>portlets/Release</resource-bundle>
	</portlet>   



	<user-attribute>
		<description>User eMail</description>
		<name>user.home-info.online.email</name>
	</user-attribute>
	<user-attribute>
		<description>User Given Name</description>
		<name>user.name.given</name>
	</user-attribute>
	<user-attribute>
		<description>User Family Name</description>
		<name>user.name.family</name>
	</user-attribute>
	<user-attribute>
		<description>User Job Title</description>
		<name>user.jobtitle</name>
	</user-attribute>
	<user-attribute>
		<description>User Middle Name</description>
		<name>user.name.middle</name>
	</user-attribute>
	<user-attribute>
		<description>User Nick Name</description>
		<name>user.name.nickName</name>
	</user-attribute>
	<user-attribute>
		<description>User Birthday Year</description>
		<name>user.bdate.ymd.year</name>
	</user-attribute>
	<user-attribute>
		<description>User Birthday Month</description>
		<name>user.bdate.ymd.month</name>
	</user-attribute>
	<user-attribute>
		<description>User Birthday Day</description>
		<name>user.bdate.ymd.day</name>
	</user-attribute>
		
</portlet-app>