  <servlet>
<servlet-name>Jersey Web Application</servlet-name>
<servlet-class>com.sun.jersey.spi.container.servlet.ServletContainer</servlet-class>
<init-param>
<param-name>com.sun.jersey.config.property.resourceConfigClass</param-name>
<param-value>com.sun.jersey.api.core.PackagesResourceConfig</param-value>
</init-param>
<init-param>
			<param-name>com.sun.jersey.api.json.POJOMappingFeature</param-name>
			<param-value>true</param-value>
		</init-param>
<!-- <init-param>
<param-name>jersey.config.server.provider.packages</param-name>
<param-value>org.openxava.lesstif.jira.issue;org.codehaus.jackson.jaxrs</param-value>
</init-param> -->

<init-param>
<param-name>com.sun.jersey.config.property.packages</param-name>
<param-value>org.webservice</param-value>
</init-param>
<load-on-startup>1</load-on-startup>

</servlet>
<servlet-mapping>
<servlet-name>Jersey Web Application</servlet-name>
<url-pattern>/api/*</url-pattern>
</servlet-mapping>
<!-- 
 -->
