<?xml version = "1.0" encoding = "ISO-8859-1"?><!DOCTYPE application SYSTEM "dtds/application.dtd"><application name="OneRelease">		<!-- 	<module name="Functionality"> --><!--     <env-var --><!--         name="XAVA_SEARCH_ACTION" --><!--         value="Functionality.search" /> --><!--     <model name="Functionality"/> --><!--     <controller name="Typical"/> --><!--     <controller name="Functionality"/> --><!-- 	</module> -->		<module name="Sprint" >	<env-var        name="XAVA_SEARCH_ACTION"        value="Sprint.search" />	<model name="Sprint" /> 	<controller name="Typical"/>	<controller name="Sprint"/>	</module>  							<!-- A default module for each entity is assumed with the controllers on 		<default-module/> -->	<!-- <module name="Ticket"> <model name="Ticket"/> <controller name="TicketManager"/> 		</module> --><!-- 	<module name="Estimation"> --><!-- 		<model name="Estimation" /> --><!-- 		<controller name="EstimationManager" /> --><!-- 	</module> -->	<!-- <controller name="Typical"/> -->	<!-- You can define additional modules, for example: <module name="OnlyReadTeacher"> 		<model name="Teacher"/> <controller name="Print"/> </module> --></application>